year,(Intercept),density,edu,log_inc,religious_frac,white_pct,black_pct,hispanic_pct
2000,-1.5011157143652847,-0.07509193705112628,-0.0009568460411072656,0.12359763862622361,0.2525035370050039,0.6169812470998246,0.1371171782620639,-0.10083744307333861
2004,-2.6902824882958685,-0.06628758376182774,-0.005556865932274239,0.2381205372757965,0.32377899233678636,0.6527749065688708,0.13900796481920855,-0.09370248003318571
2008,-2.535187854841587,-0.061739249622587644,-0.006460908380216306,0.2064682677453415,0.3907073314756373,0.7599737886064619,0.1682118358985786,-0.2161307942435807
2012,-2.257494110270426,-0.06289715672167298,-0.005703557862816924,0.1763097582306003,0.4036016813545905,0.8742798666130823,0.117711976296438,-0.2914035463725301
2016,-2.7017497910795574,-0.04998232653986095,-0.014446386231990174,0.24345117362425245,0.3059448510238331,0.9185444896180818,0.05419988224360794,-0.6227749177916686
2020,-2.4686731515031703,-0.041231289230011306,-0.01635662383127478,0.22590247244487308,0.3206802028936188,0.842328587465776,0.0,-0.5116545690432112
